feature,importance
font_consistency,0.1844925397684326
edge_density,0.1775501232563732
resolution_quality,0.15970989486703777
color_depth,0.11234037097162096
color_variance,0.0946498045935546
brightness,0.08524549062049061
sharpness,0.0832378676217962
contrast_ratio,0.0722246632996633
symmetry_score,0.027250633889919603
noise_level,0.00329861111111111
text_clarity,0.0
seal_quality,0.0
watermark_detection,0.0
compression_artifacts,0.0
geometric_consistency,0.0
